name	cluster_id
sb73p062g00.png	3
sb25p021g00.png	3
sb48p025g00.png	2
sb44p098g00.png	11
sb38p096--bundledg00.png	14
sb67p097g00.png	14
sb46p018g00.png	11
sb05p069g00.png	10
sb77p009g03.png	2
sb77p063g00.png	7
sb48p050g01.png	7
sb38p047g00.png	5
sb78p009g00.png	0
sb67p098g00.png	8
sb48p036g00.png	6
sb73p023g00.png	8
sb55p055g00.png	10
sb50p066g00.png	12
sb42p025g00.png	7
sb25p127g02.png	13
sb77p021g00.png	15
sb68p079g02.png	13
sb00p015g00.png	15
sb77p087g00.png	14
sb45p028g00.png	14
sb55p080g00.png	5
sb25p133g05.png	13
sb69p052g00.png	2
sb25p107g01.png	2
sb69p013g00.png	5
sb45p029g00.png	7
sb35p111g01.png	14
sb68p075g01.png	5
sb42p041--de-platformedg00.png	11
sb31p057g03.png	2
sb38p003g00.png	2
sb25p162g00.png	2
sb73p013g00.png	15
sb00p151--heiro-seven-colsg03.png	3
sb26p026g00.png	14
sb25p121g04.png	2
sb48p022g00.png	6
sb42p114g00.png	12
sb69p080g00.png	6
sb05p121g01.png	14
sb69p095g01.png	9
sb73p017g02.png	2
sb72p018g01.png	12
sb77p030g00.png	6
sb69p040g00.png	6
sb72p009--coffeeg00.png	8
sb55p028g00.png	15
sb11p088g00.png	1
sb44p065g00.png	15
sb67p092g00.png	0
sb68p101g00.png	12
sb42p120g01.png	13
sb31p089--trader-joesg00.png	8
sb44p062g00.png	12
sb25p162g01.png	2
sb25p141g03.png	13
sb77p049g00.png	2
sb11p049g02.png	13
sb73p073g03.png	9
sb25p010g00.png	10
sb50p007g00.png	9
sb78p078g03.png	2
sb48p020g02.png	10
sb68p040g00.png	12
sb31p052--hands-practiceg00.png	8
sb00p040--look-eyesg04.png	2
sb38p013g00.png	2
sb73p011g00.png	6
sb05p051g00.png	8
sb11p087g02.png	9
sb38p057g02.png	15
sb55p034g01.png	8
sb32p049g02.png	14
sb35p024g00.png	12
sb69p114g01.png	5
sb28p110g00.png	5
sb72p045g00.png	12
sb67p084g00.png	6
sb44p068g01.png	9
sb48p094g02.png	2
sb67p002g00.png	5
sb38p026g00.png	15
sb72p049g00.png	12
sb42p027g00.png	11
sb50p050g00.png	7
sb44p013g00.png	8
sb77p029g00.png	15
sb35p067g00.png	5
sb72p010--wineg01.png	10
sb42p038g00.png	6
sb42p057g01.png	4
sb32p013g01.png	5
sb73p072g01.png	9
sb73p066--merchantsg00.png	8
sb67p024g00.png	6
sb55p036g03.png	5
sb00p038g02.png	2
sb45p108g00.png	7
sb55p100g00.png	6
sb28p063g01.png	0
sb77p002g00.png	5
sb42p068g00.png	4
sb25p107g00.png	15
sb25p137g02.png	6
sb00p132g02.png	2
sb32p099g00.png	2
sb48p071g00.png	15
sb45p107g00.png	5
sb11p052g02.png	13
sb28p057g00.png	15
sb25p226g00.png	15
sb72p019g02.png	12
sb00p128--hierarchyg00.png	8
sb31p054g00.png	7
sb44p051g00.png	2
sb25p051g00.png	6
sb42p114g01.png	12
sb67p082g00.png	12
sb44p081g00.png	7
sb78p031g03.png	13
sb69p115g01.png	6
sb44p105g00.png	5
sb42p105g00.png	7
sb00p145--heiro-five-colsg00.png	0
sb05p020g02.png	11
sb42p029g01.png	14
sb05p019-bg03.png	11
sb25p205g00.png	11
sb31p087--parentsg01.png	0
sb00p082g03.png	15
sb28p094g00.png	14
sb44p073g00.png	7
sb00p013g00.png	3
sb45p004g00.png	15
sb72p068g00.png	5
sb26p058g00.png	8
sb69p004g00.png	5
sb28p022--2021-05-03g01.png	6
sb26p064--yogag00.png	3
sb73p066g00.png	15
sb50p001g01.png	11
sb45p019g00.png	6
sb48p063g00.png	8
sb44p078g01.png	12
sb25p085g00.png	0
sb25p169g01.png	13
sb42p030g00.png	14
sb48p093g00.png	6
sb00p130--stampg01.png	2
sb00p027g06.png	2
sb00p143--heiro-four-colsg04.png	11
sb73p062g01.png	3
sb07p056g05.png	13
sb55p103g00.png	14
sb00p147--heiro-six-colsg02.png	3
sb28p112g00.png	12
sb26p032g01.png	1
sb77p009g00.png	1
sb31p012g01.png	11
sb42p047g01.png	13
sb32p096g00.png	2
sb55p112g00.png	5
sb45p018g00.png	15
sb55p042--diagchains-largeg00.png	0
sb55p116g00.png	8
sb11p079g00.png	8
sb45p009g00.png	7
sb35p098--barstoolg00.png	12
sb77p047g00.png	15
sb28p068g00.png	12
sb44p041g00.png	10
sb25p179-whats-in-a-sketchbookg00.png	0
sb00p058g01.png	2
sb67p067g01.png	9
sb68p106--the-shotg00.png	12
sb44p033g00.png	14
sb38p115g00.png	7
sb28p085g00.png	8
sb26p001g00.png	8
sb31p057g02.png	2
sb05p064-colorg01.png	9
sb72p065g02.png	7
sb11p063g01.png	2
sb25p157g00.png	9
sb07p056g00.png	1
sb44p118v2g00.png	14
sb44p078g00.png	11
sb77p011g00.png	14
sb73p021a--diagg00.png	0
sb42p078g00.png	5
sb00p117g01.png	9
sb48p083g01.png	13
sb28p115g00.png	12
sb00p027g04.png	13
sb35p079g00.png	10
sb42p102g00.png	6
sb46p008g00.png	11
sb35p087g01.png	12
sb73p031g01.png	6
sb77p074g00.png	7
sb32p080g00.png	5
sb32p028g00.png	6
sb46p111g01.png	1
sb25p103g01.png	2
sb25p227g01.png	1
sb67p019g02.png	2
sb69p076g00.png	5
sb38p105--minfigg02.png	9
sb46p111g00.png	5
sb77p089g02.png	9
sb00p108g01.png	10
sb38p082--diag1g00.png	0
sb48p048g00.png	1
sb25p069g00.png	15
sb00p048--upliftg00.png	6
sb72p044g00.png	6
sb45p024g00.png	15
sb69p012g01.png	14
sb68p072g01.png	14
sb55p054g00.png	14
sb00p025g01.png	2
sb67p023g02.png	1
sb44p055g00.png	6
sb42p030g01.png	5
sb25p215g01.png	6
sb31p067-lightg00.png	14
sb25p083g00.png	0
sb42p021--cafedoggy2g01.png	2
sb25p063g01.png	11
sb68p078g01.png	4
sb25p158g00.png	15
sb46p055-lightg01.png	13
sb42p041--de-platformedg02.png	11
sb55p091g00.png	8
sb00p060g00.png	1
sb25p124g00.png	2
sb35p019g01.png	15
sb00p145--heiro-five-colsg02.png	0
sb26p041g01.png	2
sb11p046g02.png	2
sb50p096g00.png	14
sb45p039g00.png	12
sb11p045g00.png	9
sb68p084g01.png	6
sb11p028g01.png	2
sb48p113g00.png	6
sb00p108g03.png	13
sb55p051--winnie-and-dogg00.png	5
sb11p022g00.png	4
sb73p061g02.png	3
sb25p021g01.png	8
sb48p080g00.png	7
sb69p112g00.png	6
sb32p050g00.png	15
sb69p024g01.png	15
sb35p094g00.png	5
sb11p072g02.png	13
sb00p111g00.png	8
sb11p058g00.png	12
sb00p130g01.png	2
sb31p097g01.png	9
sb35p070--downbeat-discog00.png	8
sb44p011g00.png	15
sb11p006g00.png	5
sb07p091g02.png	13
sb42p061g00.png	7
sb28p068g01.png	14
sb26p027g00.png	15
sb26p025g00.png	11
sb42p066g00.png	12
sb25p127g03.png	9
sb35p086g00.png	13
sb35p116--negative-hugg00.png	14
sb46p098g01.png	7
sb50p004g01.png	4
sb31p028g01.png	6
sb67p083g00.png	5
sb11p007g03.png	13
sb45p021g00.png	15
sb67p107g00.png	6
sb77p019g00.png	12
sb05p020g03.png	13
sb77p091g01.png	13
sb48p055g01.png	10
sb42p022g01.png	6
sb68p092g00.png	12
sb11p021g01.png	11
sb72p065g05.png	10
sb55p039--tiny-charactersg00.png	8
sb69p058g01.png	15
sb28p046g01.png	11
sb35p087g00.png	2
sb46p028g00.png	5
sb55p012--animal-partyg00.png	14
sb77p046g00.png	12
sb50p060g00.png	12
sb11p067g00.png	1
sb77p055g00.png	14
sb69p058g02.png	5
sb48p042g00.png	7
sb48p064g00.png	5
sb25p239g01.png	14
sb68p054g00.png	2
sb28p067g00.png	7
sb48p037g00.png	1
sb77p051g00.png	6
sb72p069g00.png	8
sb77p028g02.png	12
sb42p100g00.png	6
sb00p040--look-eyesg02.png	9
sb68p022g01.png	15
sb69p054g01.png	12
sb45p122g01.png	1
sb69p022g04.png	9
sb48p096g02.png	2
sb00p082g01.png	14
sb68p105g00.png	5
sb78p027g00.png	7
sb48p009g00.png	15
sb25p245g00.png	14
sb11p078g00.png	8
sb73p045g01.png	11
sb78p069g00.png	14
sb25p133g00.png	10
sb45p026g01.png	14
sb11p086g00.png	7
sb48p001g01.png	4
sb72p073g02.png	15
sb32p008g00.png	12
sb48p102g00.png	15
sb11p045g05.png	10
sb48p033g00.png	10
sb55p078g00.png	15
sb11p036g00.png	15
sb32p006g01.png	12
sb26p006g01.png	13
sb73p043g00.png	3
sb26p030g00.png	0
sb28p096g00.png	8
sb32p015g00.png	10
sb78p037g00.png	2
sb26p040g01.png	8
sb48p055g00.png	1
sb73p048g00.png	9
sb77p064g00.png	9
sb68p077g00.png	15
sb11p090g00.png	8
sb78p029g05.png	13
sb45p057g00.png	7
sb25p145g00.png	15
sb67p076g00.png	2
sb26p008g01.png	15
sb73p056g02.png	13
sb69p071g00.png	6
sb67p034--berlin-speakersg01.png	14
sb25p087g01.png	15
sb38p039g00.png	6
sb68p030g00.png	8
sb44p005g00.png	14
sb77p075g00.png	7
sb73p078g00.png	14
sb11p063g00.png	10
sb35p044g00.png	15
sb11p059g00.png	1
sb05p073g00.png	15
sb69p113g00.png	15
sb44p006g00.png	5
sb72p062g00.png	15
sb68p039g00.png	2
sb73p042-altg02.png	13
sb31p078g00.png	15
sb25p175g00.png	12
sb68p071g01.png	14
sb50p067g00.png	1
sb48p059g01.png	9
sb25p042g00.png	12
sb00p147--heiro-six-colsg01.png	3
sb42p049g00.png	14
sb67p021g02.png	13
sb68p052g00.png	6
sb69p014g00.png	5
sb42p023g01.png	6
sb78p061g02.png	13
sb00p068--mi6-momg00.png	9
sb31p042g01.png	12
sb55p095--blankeyedstareg00.png	15
sb69p054g00.png	7
sb45p111g00.png	15
sb68p064g01.png	12
sb44p002g00.png	6
sb25p063g00.png	15
sb38p053--gowng00.png	9
sb26p045g00.png	4
sb44p114g00.png	5
sb32p090g00.png	8
sb77p014g01.png	2
sb25p185g00.png	0
sb45p075g00.png	6
sb55p044g00.png	6
sb48p076g01.png	13
sb48p103g00.png	15
sb67p089--gerryg00.png	14
sb73p057g00.png	8
sb42p079g01.png	6
sb67p087g00.png	15
sb42p002g00.png	7
sb73p063g00.png	9
sb67p022g00.png	12
sb48p079g00.png	10
sb25p122g00.png	5
sb69p053g02.png	15
sb44p038g00.png	6
sb25p137g00.png	10
sb55p087g00.png	12
sb48p016g01.png	13
sb72p001g00.png	14
sb25p141g00.png	4
sb44p021g00.png	12
sb72p042g00.png	4
sb25p241g02.png	1
sb77p054g04.png	3
sb05p065g00.png	14
sb25p077g00.png	1
sb26p061--negative-spaceg02.png	15
sb32p079g00.png	14
sb50p119--framesg00.png	0
sb68p053g00.png	6
sb00p151--heiro-seven-colsg02.png	3
sb00p082g02.png	14
sb50p072g00.png	15
sb32p043g02.png	15
sb44p100g00.png	5
sb00p033g00.png	8
sb25p179-whats-in-a-sketchbookg01.png	7
sb69p105g01.png	6
sb77p011g01.png	15
sb55p047g00.png	8
sb45p086--min4g00.png	5
sb00p121g02.png	3
sb11p072g01.png	10
sb78p057g00.png	8
sb38p036g00.png	8
sb73p017g03.png	8
sb46p109g00.png	4
sb32p030g00.png	5
sb45p046g01.png	13
sb32p110g00.png	12
sb38p115g01.png	11
sb00p098g00.png	0
sb69p046--towerg00.png	0
sb55p102g00.png	5
sb42p055--wintercoatsg00.png	10
sb67p023g01.png	7
sb67p110g00.png	6
sb44p064g00.png	14
sb50p043g00.png	7
sb78p043g00.png	15
sb69p070--coffeeg00.png	2
sb68p082g00.png	5
sb55p067g00.png	6
sb32p118g00.png	10
sb31p098--maybeg00.png	15
sb77p016g05.png	13
sb45p005g02.png	5
sb46p116g00.png	11
sb25p220g03.png	11
sb32p031g01.png	12
sb11p051g00.png	5
sb45p031g00.png	7
sb28p071g00.png	8
sb55p052g02.png	2
sb77p052g01.png	9
sb77p058g00.png	0
sb46p049-lightg00.png	12
sb46p035g00.png	5
sb69p119g02.png	15
sb28p098g00.png	6
sb31p057g01.png	2
sb50p080g01.png	2
sb45p056g01.png	7
sb28p086g00.png	11
sb46p038g00.png	8
sb11p052g01.png	9
sb78p079g01.png	5
sb25p033g02.png	2
sb25p199g00.png	14
sb48p006g00.png	15
sb32p047g00.png	12
sb67p031g00.png	14
sb44p046g00.png	14
sb69p004g01.png	13
sb11p081g00.png	8
sb73p077g00.png	14
sb68p015g00.png	6
sb69p072g03.png	13
sb69p105g00.png	6
sb32p018g01.png	11
sb69p100g01.png	15
sb68p102g00.png	14
sb42p048g01.png	12
sb69p089--diagchainsg00.png	0
sb42p071g00.png	12
sb42p055--wintercoatsg01.png	11
sb55p052g03.png	8
sb44p110g00.png	12
sb42p031g01.png	6
sb44p019g00.png	10
sb42p042g01.png	11
sb31p074g00.png	5
sb72p071g00.png	10
sb44p025g00.png	14
sb46p118g00.png	1
sb67p120g00.png	5
sb77p009g01.png	5
sb68p117g00.png	6
sb78p078g00.png	2
sb42p115g00.png	10
sb28p034g00.png	6
sb77p016g00.png	0
sb46p001g00.png	5
sb73p031g00.png	6
sb78p029g02.png	8
sb28p114g00.png	12
sb44p037g01.png	2
sb38p117g00.png	10
sb11p061g00.png	5
sb38p097g00.png	10
sb31p084g00.png	5
sb26p000g00.png	8
sb55p064g00.png	5
sb50p022g01.png	11
sb68p050g00.png	0
sb42p039--squareg01.png	2
sb25p041g01.png	15
sb32p051g00.png	5
sb48p038g00.png	15
sb77p053g04.png	9
sb28p113g00.png	5
sb25p107g02.png	2
sb55p097--faceoffg00.png	14
sb42p054--spiralg00.png	15
sb72p067g00.png	8
sb35p120g00.png	15
sb77p035g00.png	6
sb26p062--bird-watchingg01.png	11
sb73p021ag00.png	0
sb73p029g01.png	6
sb32p085g00.png	3
sb45p005g00.png	2
sb00p126--crosshatch-lipsg00.png	15
sb28p072g01.png	12
sb44p032g00.png	5
sb50p055g00.png	6
sb31p059g01.png	1
sb28p103g00.png	7
sb42p080g02.png	2
sb67p081g00.png	7
sb68p009g00.png	12
sb25p249g00.png	12
sb44p023g00.png	7
sb68p051g00.png	15
sb44p092g00.png	7
sb00p013g01.png	15
sb55p106g00.png	9
sb48p105g00.png	8
sb44p097g00.png	12
sb69p020g00.png	7
sb28p085g01.png	7
sb45p122g00.png	2
sb28p093g01.png	5
sb32p077g02.png	2
sb44p001g01.png	6
sb68p074g00.png	11
sb38p042g00.png	6
sb42p062g00.png	14
sb48p044g00.png	7
sb69p093g01.png	6
sb45p013g00.png	6
sb55p023g00.png	8
sb35p110--lookg00.png	2
sb45p020--onfireg00.png	1
sb45p068g00.png	12
sb25p219g01.png	1
sb45p071g00.png	12
sb46p095g01.png	15
sb55p054g01.png	7
sb38p109g00.png	2
sb78p024g00.png	8
sb46p083g02.png	2
sb78p012g01.png	6
sb69p009g00.png	6
sb25p141g04.png	9
sb25p033g01.png	2
sb35p101g00.png	15
sb32p098g00.png	15
sb78p076g00.png	8
sb42p047g03.png	12
sb26p060g01.png	7
sb50p044g00.png	12
sb38p015g00.png	8
sb35p059g01.png	13
sb28p034g01.png	14
sb35p074g00.png	8
sb72p007--wineg01.png	9
sb77p055g01.png	11
sb67p028g00.png	14
sb32p019g00.png	14
sb31p088g00.png	8
sb31p072g00.png	15
sb44p101g00.png	12
sb48p035g00.png	7
sb35p027g00.png	7
sb77p017g04.png	1
sb42p048g00.png	6
sb50p061g00.png	5
sb35p099g00.png	6
sb69p093g00.png	14
sb45p006g00.png	1
sb48p056g00.png	5
sb55p040--tiny-charactersg01.png	10
sb42p044g01.png	12
sb32p065g01.png	12
sb42p004g00.png	6
sb78p037g01.png	13
sb28p111g00.png	6
sb38p085g02.png	9
sb55p026g01.png	6
sb44p079g03.png	2
sb67p001ag00.png	15
sb69p078g01.png	2
sb44p018g00.png	12
sb32p116g00.png	13
sb25p087g00.png	2
sb72p006--coffeeg01.png	1
sb11p055g00.png	12
sb73p061g00.png	10
sb72p040g01.png	6
sb28p109g00.png	7
sb26p013g00.png	6
sb45p055g01.png	14
sb25p101g00.png	7
sb00p086g00.png	14
sb72p072g00.png	7
sb48p088g03.png	15
sb26p013g01.png	14
sb31p007--jelly-commanderg01.png	9
sb28p081g00.png	8
sb48p046g00.png	14
sb78p025g00.png	11
sb28p101g00.png	0
sb73p030g02.png	15
sb46p012g00.png	12
sb00p149--heirog01.png	3
sb28p074g00.png	14
sb32p086g00.png	12
sb78p061g01.png	13
sb32p046g00.png	0
sb11p070g02.png	9
sb55p027g00.png	12
sb25p039g00.png	1
sb55p108g00.png	15
sb73p067g03.png	9
sb05p121g00.png	10
sb25p057g00.png	0
sb50p052g00.png	5
sb73p075g00.png	6
sb67p069g00.png	6
sb28p066g02.png	6
sb44p111g00.png	6
sb48p100g00.png	5
sb32p049g01.png	10
sb73p052g01.png	9
sb28p088g00.png	14
sb42p045--superming01.png	4
sb11p093g02.png	1
sb35p039g00.png	15
sb38p106g00.png	10
sb05p052-colorg01.png	5
sb45p059g00.png	7
sb77p054g02.png	7
sb11p009g00.png	10
sb69p022g00.png	5
sb07p056g08.png	13
sb73p022bg00.png	5
sb48p116g00.png	8
sb67p059g00.png	15
sb42p033g01.png	7
sb11p027g00.png	15
sb38p069--slash1g00.png	10
sb25p220g05.png	13
sb77p032g00.png	13
sb28p067g01.png	4
sb73p018g01.png	15
sb26p060g00.png	4
sb72p050g00.png	5
sb25p109g02.png	10
sb67p071g00.png	10
sb35p066g01.png	13
sb45p063g00.png	6
sb78p023g00.png	6
sb11p038g00.png	15
sb48p053g01.png	13
sb46p009g00.png	14
sb25p105g03.png	2
sb42p018g00.png	6
sb46p020g00.png	5
sb26p000g01.png	4
sb78p042g00.png	7
sb46p082g00.png	8
sb25p151g01.png	2
sb55p076g00.png	2
sb73p052g00.png	10
sb68p076g01.png	14
sb72p036g00.png	7
sb00p141--heiro-one-colg01.png	9
sb45p044g00.png	14
sb48p001g00.png	1
sb32p016g00.png	14
sb48p030g01.png	2
sb77p042g00.png	14
sb25p085g02.png	13
sb25p139g02.png	15
sb25p163g01.png	1
sb48p082g00.png	7
sb38p074--crossleggedg00.png	7
sb35p055g00.png	8
sb42p116g01.png	3
sb25p077g01.png	10
sb55p093--speechlessg00.png	5
sb67p068g00.png	14
sb69p024g00.png	11
sb42p060--tadaag00.png	5
sb25p143g02.png	10
sb48p041g00.png	10
sb28p063g00.png	6
sb67p105g00.png	6
sb55p081g00.png	14
sb72p038g02.png	7
sb78p074--dogsg00.png	8
sb46p037g00.png	5
sb45p116g00.png	2
sb38p065g00.png	4
sb42p016--cafedoggyg02.png	8
sb77p054g01.png	9
sb00p034g02.png	2
sb05p051g01.png	9
sb32p111g00.png	12
sb45p104g01.png	11
sb69p005--towerg00.png	0
sb48p115g00.png	7
sb69p022g03.png	2
sb73p076g00.png	6
sb38p120g00.png	5
sb00p040--look-eyesg00.png	2
sb32p036g01.png	6
sb73p041g00.png	8
sb45p039g02.png	2
sb38p073--gown2g00.png	7
sb32p077g00.png	13
sb26p050g00.png	1
sb00p149--heirog00.png	3
sb67p100g00.png	8
sb35p092--antennag00.png	15
sb25p209g01.png	13
sb69p020g01.png	11
sb69p015g01.png	2
sb35p058--hairswooshg00.png	15
sb25p081g00.png	7
sb48p068g00.png	8
sb78p075g00.png	6
sb50p081g00.png	2
sb50p027g00.png	6
sb45p117g00.png	9
sb50p004g00.png	4
sb00p132g03.png	13
sb72p014g00.png	12
sb46p017g00.png	2
sb38p049g01.png	0
sb42p032g00.png	15
sb69p118g01.png	6
sb45p054--diag2g00.png	0
sb42p059--high-alertg00.png	8
sb26p041g00.png	6
sb67p007--greenpoint-napg00.png	8
sb73p047g00.png	8
sb50p068g00.png	1
sb31p046g02.png	13
sb25p160g00.png	10
sb69p059g00.png	12
sb67p098g01.png	13
sb72p038g00.png	5
sb00p036g00.png	2
sb45p095--winnie7g00.png	8
sb42p120g00.png	10
sb50p083g00.png	5
sb25p107g04.png	2
sb25p157g01.png	2
sb25p133g02.png	10
sb11p029g00.png	8
sb05p020g05.png	13
sb48p049g00.png	5
sb32p015g02.png	4
sb44p107g00.png	6
sb68p027g01.png	6
sb38p025g00.png	13
sb42p121g00.png	5
sb48p010g02.png	12
sb11p049g00.png	10
sb31p087--parentsg00.png	14
sb55p082g00.png	10
sb42p008g00.png	14
sb69p105g02.png	6
sb25p079g01.png	15
sb35p060g00.png	12
sb73p073g02.png	3
sb44p003g00.png	7
sb78p078g02.png	2
sb67p017g00.png	6
sb46p094-nonOverlapg00.png	2
sb73p018g02.png	10
sb28p027g00.png	15
sb25p107g03.png	9
sb11p068g00.png	14
sb42p064g01.png	6
sb73p016g00.png	15
sb68p081g01.png	15
sb48p008g02.png	13
sb46p027g00.png	5
sb00p064g00.png	0
sb26p064--yogag01.png	13
sb73p046g01.png	8
sb44p057g00.png	10
sb11p048g00.png	10
sb11p045g01.png	14
sb48p021g01.png	13
sb72p064g00.png	6
sb32p017g00.png	14
sb69p077g00.png	13
sb67p073g00.png	12
sb77p054g03.png	13
sb25p027g03.png	2
sb28p089g01.png	5
sb68p084g02.png	11
sb25p025g00.png	14
sb42p033g00.png	12
sb67p034--berlin-speakersg00.png	12
sb55p020g00.png	15
sb38p111g00.png	8
sb45p061g00.png	9
sb73p041g01.png	8
sb11p087g03.png	8
sb68p004g00.png	15
sb68p027g00.png	15
sb77p102g00.png	6
sb50p064g00.png	6
sb69p025g00.png	5
sb11p088g01.png	2
sb67p037--belin-speakers-2g01.png	8
sb77p050g00.png	15
sb46p045-lightg00.png	12
sb48p021g00.png	12
sb77p065g00.png	7
sb77p041g03.png	15
sb48p034g00.png	12
sb38p054g00.png	15
sb50p087g00.png	10
sb69p055g00.png	12
sb69p054g04.png	9
sb69p012g00.png	7
sb46p011g00.png	12
sb77p100g00.png	6
sb25p151g00.png	13
sb69p107--coffeeg02.png	2
sb00p124g01.png	5
sb67p026g00.png	7
sb38p038g00.png	8
sb55p063--animal-party-3g00.png	6
sb45p082g00.png	14
sb48p098g00.png	11
sb00p102--low-fiveg00.png	8
sb55p040--tiny-charactersg04.png	9
sb25p153g01.png	1
sb38p026g02.png	13
sb42p093g00.png	12
sb55p110g00.png	12
sb48p016g00.png	2
sb48p096g01.png	2
sb67p014g01.png	6
sb77p034g00.png	14
sb00p138g00.png	8
sb55p008--diagchainsg00.png	0
sb72p048g00.png	8
sb00p143--heiro-four-colsg02.png	0
sb67p038g00.png	14
sb35p072g00.png	6
sb77p073g00.png	5
sb77p049g01.png	2
sb72p004--coffeeg00.png	12
sb78p079g00.png	5
sb68p018g00.png	15
sb50p111g01.png	10
sb28p090g00.png	14
sb55p003g00.png	14
sb68p079g00.png	7
sb35p073--tinybodiesg01.png	14
sb25p191g00.png	10
sb68p037g01.png	6
sb78p077g00.png	15
sb11p087g00.png	9
sb00p046g00.png	2
sb55p101--faceoff2g00.png	8
sb72p008--wineg00.png	5
sb69p108g00.png	8
sb38p075g00.png	14
sb05p067g00.png	10
sb78p028g00.png	0
sb26p007g00.png	15
sb69p104g00.png	5
sb28p051g01.png	12
sb50p040g00.png	14
sb31p093g00.png	8
sb35p097--pair-phoneg01.png	9
sb48p012g00.png	9
sb77p017g05.png	13
sb55p065g00.png	6
sb78p030g02.png	2
sb25p097g00.png	10
sb55p084g00.png	5
sb48p094g01.png	9
sb07p053g00.png	8
sb45p012g00.png	15
sb28p022--2021-05-03g00.png	6
sb42p021--cafedoggy2g00.png	8
sb50p009g00.png	14
sb05p019g00.png	9
sb69p019g01.png	7
sb69p031g01.png	5
sb42p016--cafedoggyg00.png	8
sb69p033g00.png	14
sb45p047g00.png	6
sb31p043g00.png	2
sb48p074g00.png	7
sb50p053g01.png	9
sb25p176g00.png	4
sb42p076g00.png	12
sb78p049g00.png	0
sb25p099g01.png	12
sb35p075g00.png	15
sb25p045g00.png	8
sb77p053g01.png	9
sb25p220g00.png	2
sb69p054g03.png	15
sb72p059g02.png	5
sb26p004g00.png	5
sb26p024g01.png	1
sb45p076g01.png	11
sb28p064g01.png	2
sb38p072--daemong00.png	7
sb31p049g01.png	5
sb69p032g01.png	6
sb00p038g01.png	10
sb38p110g00.png	10
sb72p066g00.png	5
sb44p039g01.png	9
sb48p030g00.png	10
sb45p046g00.png	10
sb67p012g00.png	5
sb68p104g00.png	5
sb05p071g00.png	2
sb67p101g01.png	13
sb38p071--slash3g00.png	8
sb77p068g00.png	12
sb35p065--eyes-and-nosesg02.png	2
sb25p125g01.png	9
sb44p109g00.png	14
sb00p143--heiro-four-colsg00.png	14
sb11p026g00.png	5
sb46p036g00.png	15
sb45p088g00.png	7
sb25p111g00.png	15
sb69p115g02.png	4
sb32p038g00.png	7
sb67p075g00.png	10
sb73p067g00.png	3
sb44p060g01.png	12
sb69p098--diagchainsg00.png	0
sb31p045g00.png	8
sb25p143g03.png	10
sb32p002g00.png	5
sb11p073g00.png	15
sb68p069g00.png	8
sb48p012g02.png	13
sb11p054g00.png	7
sb44p016g01.png	9
sb77p036g01.png	1
sb72p063g00.png	6
sb78p032g00.png	8
sb50p016g00.png	14
sb26p039g02.png	5
sb25p220g02.png	11
sb69p072g00.png	15
sb28p097g00.png	5
sb77p037g00.png	6
sb50p048g01.png	2
sb31p005--dino-defenderg02.png	3
sb25p059g00.png	5
sb67p003ag00.png	6
sb42p046g01.png	15
sb78p012g00.png	14
sb00p106g01.png	13
sb72p080g00.png	5
sb45p077g00.png	14
sb45p093--winnie5g00.png	2
sb48p023g00.png	14
sb35p109g00.png	15
sb00p038g03.png	2
sb35p068g00.png	8
sb35p073--tinybodiesg00.png	6
sb55p021g00.png	5
sb78p086g00.png	5
sb31p086g00.png	7
sb42p050g00.png	12
sb69p053g04.png	13
sb72p078g00.png	14
sb72p079g00.png	5
sb77p018g00.png	14
sb46p055-lightg00.png	12
sb38p081g01.png	11
sb55p030g02.png	4
sb73p070g00.png	0
sb73p078g01.png	14
sb42p011g00.png	10
sb28p019g01.png	15
sb48p008g01.png	2
sb44p036g00.png	6
sb72p020g00.png	5
sb50p018g00.png	6
sb73p007g01.png	13
sb45p114g00.png	5
sb25p172g00.png	11
sb73p055g00.png	6
sb77p053g00.png	9
sb77p038g00.png	6
sb11p045g04.png	13
sb50p058g00.png	8
sb38p041g00.png	12
sb73p034g00.png	15
sb38p098--eyesclosed-roundedg00.png	1
sb68p071g00.png	6
sb32p077g04.png	11
sb68p081g00.png	8
sb38p007--please-dontg00.png	0
sb68p023g00.png	8
sb78p030g05.png	9
sb31p097g00.png	7
sb11p016g00.png	6
sb72p021g00.png	6
sb67p014g00.png	14
sb50p087g01.png	13
sb78p029g03.png	9
sb00p080g02.png	2
sb69p038g00.png	12
sb11p089g00.png	7
sb05p097g00.png	2
sb31p091g00.png	12
sb55p109g00.png	5
sb73p040--diagg01.png	13
sb67p088g00.png	5
sb68p076g00.png	14
sb32p049g00.png	9
sb45p104g00.png	14
sb67p099g00.png	15
sb50p070g00.png	6
sb11p047g06.png	2
sb55p025g00.png	5
sb55p039--tiny-charactersg02.png	5
sb00p130g00.png	9
sb55p075g00.png	2
sb50p028g00.png	1
sb55p036g00.png	15
sb31p011--jeff-tezosg00.png	8
sb73p072g03.png	13
sb32p003g00.png	7
sb48p054g00.png	5
sb42p081g00.png	6
sb68p122g00.png	9
sb07p057g00.png	13
sb48p092g00.png	6
sb48p004g00.png	15
sb38p102g00.png	10
sb69p029g00.png	8
sb00p027g02.png	2
sb35p089g02.png	2
sb35p084g00.png	5
sb68p079g01.png	14
sb72p041g01.png	14
sb73p064g03.png	13
sb11p073g01.png	7
sb77p056g00.png	12
sb25p081g02.png	2
sb32p076g00.png	5
sb50p008g00.png	6
sb25p120g02.png	10
sb45p026g00.png	1
sb05p108g02.png	13
sb50p118g01.png	13
sb45p010g00.png	7
sb42p098g00.png	15
sb28p028g00.png	0
sb42p022g00.png	4
sb46p032g01.png	2
sb42p055--wintercoatsg02.png	14
sb69p048--towerg00.png	0
sb67p058g00.png	14
sb38p063g00.png	12
sb68p100g00.png	12
sb50p075g00.png	8
sb48p111g00.png	12
sb42p024g01.png	11
sb28p066g00.png	7
sb35p065--eyes-and-nosesg04.png	13
sb00p106g00.png	6
sb31p092g00.png	5
sb44p034g00.png	14
sb67p109g00.png	6
sb73p064--croissantg02.png	9
sb42p094g01.png	7
sb44p017g00.png	7
sb42p106g00.png	10
sb78p029g07.png	9
sb28p057g01.png	6
sb28p020g02.png	6
sb73p064g01.png	15
sb55p105g00.png	6
sb00p132g04.png	13
sb25p135g00.png	12
sb05p051-colorg02.png	13
sb38p019g00.png	10
sb48p015g00.png	1
sb44p026g00.png	2
sb48p088g01.png	12
sb48p052g00.png	15
sb35p023g00.png	9
sb32p032g00.png	5
sb45p072g00.png	7
sb42p017g00.png	9
sb35p019g00.png	9
sb68p091g00.png	9
sb67p005g00.png	2
sb25p099g03.png	11
sb68p016g00.png	14
sb44p117g00.png	12
sb55p039--tiny-charactersg01.png	2
sb48p050g00.png	9
sb25p247g00.png	5
sb78p074--dogsg01.png	9
sb69p082g01.png	14
sb55p049g01.png	6
sb45p003--diagchainsg00.png	0
sb32p091g00.png	8
sb25p029g01.png	9
sb00p025g00.png	1
sb48p091g00.png	12
sb48p013g00.png	1
sb00p141--heiro-one-colg00.png	11
sb68p048g01.png	8
sb77p008g00.png	5
sb68p067g00.png	2
sb00p110g00.png	14
sb77p071g00.png	2
sb11p053g00.png	15
sb25p197g02.png	13
sb05p071g01.png	1
sb44p044g00.png	5
sb50p120g00.png	10
sb28p067g02.png	13
sb77p026g00.png	6
sb00p021--all-wound-upg01.png	12
sb32p069g00.png	6
sb00p016g00.png	5
sb45p106g00.png	6
sb68p084g00.png	4
sb11p093g03.png	10
sb44p040g00.png	12
sb35p033g01.png	13
sb32p071g01.png	15
sb42p012g00.png	8
sb25p065g01.png	3
sb11p066g00.png	5
sb00p122g00.png	0
sb45p090--winnie2g00.png	2
sb35p098--barstoolg01.png	13
sb11p024g00.png	13
sb38p070--slash2g01.png	13
sb69p107--coffeeg03.png	2
sb00p009g00.png	14
sb46p099g00.png	14
sb44p074g00.png	6
sb25p220g04.png	10
sb45p091--winnie3g00.png	15
sb77p001g00.png	15
sb11p077g01.png	9
sb72p006--coffeeg00.png	15
sb72p007--wineg00.png	8
sb38p045g00.png	10
sb48p078g00.png	15
sb45p005g01.png	5
sb73p067g02.png	9
sb48p118g00.png	5
sb69p120g00.png	0
sb25p065g00.png	3
sb38p025g02.png	13
sb48p107g00.png	5
sb26p037g00.png	12
sb48p083g00.png	10
sb48p092g01.png	13
sb68p070g00.png	12
sb26p061--negative-spaceg03.png	13
sb68p038g00.png	15
sb25p079g02.png	1
sb32p030g01.png	8
sb00p104g00.png	8
sb25p193g00.png	12
sb69p087g01.png	4
sb55p004g00.png	8
sb46p081g00.png	8
sb45p081g00.png	15
sb07p056g02.png	14
sb55p022g00.png	6
sb25p251g00.png	6
sb05p023g00.png	8
sb48p009g01.png	1
sb68p047--towerg00.png	0
sb67p081g01.png	9
sb72p051g00.png	6
sb50p005g00.png	6
sb69p026g01.png	14
sb55p028g01.png	13
sb11p037g00.png	14
sb67p018g00.png	12
sb11p057g00.png	13
sb38p005g01.png	1
sb48p099g00.png	5
sb50p014g00.png	12
sb00p084g00.png	12
sb35p089g00.png	10
sb68p021-needsomespaceg00.png	6
sb44p042g00.png	12
sb26p057g00.png	10
sb42p010g00.png	12
sb69p053g01.png	2
sb00p092g01.png	3
sb77p008g03.png	5
sb38p068--slash0g00.png	14
sb77p070g00.png	1
sb32p100g00.png	8
sb67p004g00.png	6
sb48p076g00.png	5
sb25p159g00.png	15
sb11p032g00.png	4
sb38p094--aboutmeg00.png	10
sb35p065--eyes-and-nosesg00.png	10
sb67p021g01.png	6
sb68p082g01.png	15
sb68p115g00.png	6
sb73p017g04.png	2
sb28p106g00.png	8
sb72p076g01.png	12
sb48p095g00.png	12
sb46p098g00.png	12
sb72p076g02.png	10
sb28p104g00.png	8
sb48p069g00.png	10
sb68p088g00.png	8
sb00p034g01.png	3
sb05p019-bg01.png	9
sb45p085g00.png	8
sb25p135g02.png	14
sb42p019g00.png	6
sb77p012g00.png	6
sb48p039g00.png	12
sb48p020g01.png	2
sb48p031g00.png	15
sb45p099g00.png	5
sb42p040--radiateg00.png	0
sb25p121g02.png	10
sb38p032g00.png	12
sb00p121g00.png	9
sb69p119g04.png	10
sb25p185g01.png	0
sb11p052g05.png	13
sb48p025g03.png	13
sb25p031g00.png	8
sb45p097--min5g00.png	10
sb07p056g04.png	3
sb45p100g00.png	12
sb38p113g00.png	8
sb50p051g00.png	10
sb44p118g00.png	6
sb55p002g01.png	2
sb50p012g00.png	7
sb44p084g00.png	12
sb68p012g00.png	12
sb38p027g00.png	15
sb78p030g03.png	7
sb46p004g00.png	12
sb67p102g00.png	8
sb31p014g01.png	13
sb42p079g00.png	0
sb55p019g00.png	7
sb28p082g00.png	6
sb73p056g01.png	3
sb69p095g00.png	2
sb38p034g00.png	13
sb78p030g01.png	9
sb68p022g00.png	14
sb11p052g00.png	2
sb11p007g01.png	8
sb67p015g00.png	10
sb50p039g00.png	6
sb69p073g00.png	15
sb78p029g00.png	3
sb72p012--diagchainsg00.png	0
sb11p047g05.png	2
sb69p039g00.png	5
sb55p056g00.png	6
sb69p119g01.png	6
sb68p010g01.png	6
sb25p049g00.png	14
sb28p044--diag-quarterg00.png	3
sb50p083g01.png	13
sb73p040--diagg00.png	0
sb44p082g01.png	13
sb73p017g05.png	13
sb31p008--karma-yogag01.png	9
sb28p055g01.png	12
sb11p049g01.png	12
sb25p150g00.png	12
sb68p014g00.png	6
sb11p072g00.png	1
sb69p107--coffeeg01.png	11
sb31p096g00.png	6
sb48p032g00.png	9
sb45p119--tooming00.png	9
sb48p044g01.png	10
sb05p052g01.png	8
sb38p017g00.png	15
sb38p103g01.png	10
sb68p006g00.png	6
sb45p007g00.png	8
sb25p113g00.png	4
sb45p052g00.png	12
sb32p108g00.png	1
sb50p004g02.png	11
sb46p003g00.png	10
sb50p116g00.png	6
sb73p004g01.png	7
sb32p097g01.png	13
sb38p006g00.png	2
sb48p008g00.png	13
sb67p112g01.png	2
sb11p052g04.png	13
sb28p019g00.png	14
sb73p048g02.png	13
sb67p078g00.png	12
sb73p064g00.png	10
sb07p091g01.png	3
sb44p001g00.png	6
sb26p024g00.png	12
sb00p040--look-eyesg01.png	9
sb72p039g00.png	7
sb31p043g01.png	9
sb44p102g00.png	5
sb25p141g01.png	10
sb00p056g00.png	6
sb44p024g00.png	1
sb42p052g00.png	14
sb78p065g00.png	5
sb38p099g00.png	11
sb50p093g00.png	5
sb77p005g01.png	9
sb44p070g03.png	13
sb44p015g00.png	5
sb11p045g02.png	2
sb38p049g00.png	7
sb78p029g01.png	8
sb42p024g00.png	11
sb69p019g02.png	13
sb77p010g00.png	6
sb38p003g05.png	2
sb35p045g00.png	8
sb38p056g00.png	2
sb11p083g00.png	9
sb68p042--towerg00.png	0
sb46p120g00.png	7
sb77p023g00.png	14
sb35p041g00.png	12
sb25p057g01.png	2
sb25p174g00.png	11
sb38p108g00.png	6
sb77p032g03.png	13
sb55p076g01.png	13
sb50p007g01.png	2
sb68p049g00.png	0
sb72p057g00.png	14
sb72p042g01.png	4
sb72p019g01.png	12
sb44p031g00.png	7
sb44p086g00.png	12
sb68p078g00.png	12
sb28p108g00.png	5
sb38p010g00.png	14
sb73p050g02.png	3
sb73p064--croissantg00.png	8
sb28p075g00.png	6
sb25p124g02.png	12
sb25p115g00.png	15
sb48p005g00.png	2
sb50p081g01.png	2
sb46p047-lightg00.png	5
sb55p039--tiny-charactersg03.png	5
sb68p044--ceramic-bunny-earsg00.png	6
sb25p073g00.png	7
sb44p012g00.png	5
sb28p031g00.png	12
sb25p041g00.png	15
sb77p059g00.png	0
sb44p056g00.png	6
sb42p007g01.png	14
sb31p049g00.png	15
sb50p019g00.png	11
sb55p106g01.png	5
sb48p073g00.png	12
sb44p022g00.png	5
sb50p091g01.png	13
sb35p076g00.png	5
sb42p110g00.png	1
sb35p096--radhaus-fridayg01.png	6
sb42p058g00.png	5
sb77p043g00.png	14
sb44p079g02.png	15
sb32p064g01.png	12
sb55p111g00.png	12
sb44p091g00.png	6
sb28p088g01.png	9
sb48p007g00.png	6
sb32p047g01.png	12
sb45p049g01.png	6
sb72p018g00.png	5
sb77p090g00.png	5
sb11p010g00.png	5
sb55p102g01.png	14
sb50p030g00.png	6
sb00p027g08.png	13
sb42p069g01.png	6
sb28p058g01.png	5
sb25p061g02.png	7
sb32p013g02.png	10
sb78p029g04.png	9
sb78p085g00.png	6
sb55p041g00.png	10
sb31p055g00.png	5
sb28p069g01.png	13
sb25p245g01.png	12
sb46p024g00.png	12
sb73p053g01.png	11
sb48p077g00.png	10
sb69p115g03.png	13
sb38p114g00.png	1
sb77p008g02.png	12
sb25p126g00.png	15
sb05p052g00.png	5
sb69p053g03.png	2
sb32p048g00.png	6
sb77p036g00.png	6
sb72p040g00.png	6
sb32p117g00.png	15
sb11p076g00.png	12
sb67p016g01.png	8
sb67p019g01.png	5
sb26p044g00.png	10
sb67p118g00.png	5
sb44p112g00.png	6
sb50p029g00.png	12
sb73p068g01.png	3
sb25p067g00.png	3
sb28p083g01.png	6
sb68p025g00.png	5
sb77p048g00.png	15
sb00p060g04.png	2
sb73p028g00.png	5
sb42p074g00.png	8
sb68p086g01.png	6
sb26p061--negative-spaceg01.png	6
sb50p041g00.png	10
sb68p037g00.png	7
sb28p058g00.png	1
sb25p243g00.png	7
sb25p035g00.png	15
sb25p173g00.png	8
sb25p129g00.png	0
sb28p087g00.png	12
sb73p049g01.png	9
sb42p113g00.png	7
sb67p063g00.png	5
sb73p021a--diagg01.png	2
sb67p112g00.png	6
sb00p149--heirog04.png	3
sb69p018g00.png	5
sb35p083g00.png	15
sb28p066g01.png	5
sb73p072g02.png	9
sb77p041g00.png	5
sb42p036g01.png	12
sb26p014g00.png	12
sb38p085g01.png	12
sb77p016g03.png	2
sb45p109g00.png	5
sb00p038g00.png	2
sb38p009g00.png	7
sb28p030g01.png	14
sb55p006g01.png	0
sb45p093--winnie5g01.png	2
sb32p070g00.png	8
sb07p052g00.png	15
sb45p003--diagchainsg01.png	9
sb73p018g00.png	9
sb28p076g00.png	8
sb46p025g01.png	1
sb68p040g01.png	9
sb11p007g04.png	13
sb50p118g00.png	12
sb31p088g02.png	11
sb26p008g03.png	2
sb32p068g00.png	7
sb00p115g00.png	8
sb72p065g04.png	15
sb25p109g03.png	15
sb50p069g00.png	7
sb68p065g00.png	15
sb55p085g00.png	6
sb25p220g01.png	10
sb55p012--animal-partyg01.png	11
sb44p079g00.png	5
sb45p092--winnie4g00.png	2
sb28p047g00.png	12
sb73p061g03.png	3
sb44p053g00.png	10
sb25p127g01.png	2
sb78p078g01.png	2
sb48p066g00.png	10
sb38p118g00.png	5
sb67p053g00.png	15
sb38p018g00.png	2
sb72p046g01.png	9
sb25p124g03.png	13
sb68p091g01.png	2
sb67p067g00.png	5
sb32p092g00.png	10
sb48p012g01.png	13
sb77p017g02.png	14
sb77p020g00.png	11
sb48p117g00.png	10
sb25p087g03.png	2
sb77p062g00.png	5
sb55p030g01.png	1
sb72p053g00.png	12
sb48p089g00.png	14
sb73p004g00.png	14
sb42p015g00.png	14
sb05p020g01.png	13
sb48p017g00.png	11
sb00p117g02.png	9
sb25p095g01.png	2
sb50p032g00.png	7
sb73p042g00.png	0
sb05p071g03.png	13
sb00p149--heirog02.png	3
sb46p113g00.png	14
sb73p036g00.png	14
sb25p105g01.png	15
sb42p101g00.png	14
sb73p065g00.png	6
sb46p010g00.png	12
sb45p071g01.png	10
sb11p047g00.png	2
sb78p021g00.png	15
sb73p051g00.png	6
sb31p056g01.png	11
sb69p054g02.png	2
sb69p028g00.png	12
sb38p046g01.png	2
sb44p039g00.png	11
sb69p057g00.png	8
sb00p121g01.png	2
sb48p062g00.png	14
sb68p074g01.png	5
sb50p080g03.png	8
sb38p021g00.png	0
sb68p017g00.png	12
sb46p063g00.png	9
sb25p187g00.png	8
sb69p106g00.png	6
sb50p115g00.png	10
sb35p088g00.png	5
sb67p033g00.png	5
sb42p007g00.png	0
sb69p114g00.png	0
sb25p061g03.png	12
sb00p027g00.png	9
sb77p066g00.png	15
sb42p014g00.png	15
sb42p053g01.png	5
sb25p156g00.png	10
sb55p001g00.png	6
sb05p108g00.png	10
sb68p120g01.png	0
sb73p030g00.png	6
sb68p094g00.png	6
sb26p006g00.png	12
sb73p048g03.png	9
sb42p056g00.png	10
sb38p018g01.png	13
sb67p074g00.png	12
sb00p027g01.png	9
sb00p034g03.png	13
sb25p120g00.png	0
sb25p221g02.png	14
sb50p025g00.png	12
sb77p028g01.png	15
sb50p057g00.png	11
sb72p018g02.png	6
sb45p049g00.png	14
sb55p014g00.png	14
sb38p079--donkeys2g00.png	15
sb38p031g00.png	12
sb26p047g01.png	6
sb38p099g01.png	3
sb11p019g00.png	0
sb35p111g00.png	15
sb50p056g00.png	11
sb00p108g02.png	9
sb72p005--coffeeg00.png	15
sb48p037g02.png	2
sb78p031g00.png	6
sb28p070g01.png	5
sb67p076g01.png	5
sb38p043g00.png	5
sb42p029g00.png	5
sb72p061g00.png	10
sb35p017g01.png	13
sb38p101g00.png	15
sb11p046g00.png	10
sb46p016g00.png	7
sb25p227g00.png	12
sb55p048--minimalface-and-skatecatg00.png	2
sb26p018g00.png	8
sb50p036g00.png	6
sb38p024g00.png	10
sb42p041--de-platformedg01.png	9
sb42p065g00.png	12
sb67p065g00.png	5
sb35p038g00.png	8
sb55p083g00.png	12
sb69p029g01.png	15
sb72p020g01.png	4
sb50p089g00.png	10
sb67p023g00.png	8
sb46p102g00.png	7
sb69p079g00.png	5
sb31p059g02.png	2
sb44p049g00.png	1
sb50p007g03.png	10
sb68p090g00.png	5
sb55p031g00.png	14
sb45p084g00.png	12
sb38p044g00.png	15
sb45p066--min1g00.png	2
sb25p097g01.png	10
sb42p070g01.png	9
sb67p062g00.png	0
sb42p043g02.png	13
sb42p011g01.png	9
sb69p022g02.png	7
sb28p049g00.png	1
sb69p072g02.png	2
sb11p070g00.png	5
sb78p073g00.png	5
sb42p073g02.png	10
sb78p051g00.png	8
sb55p017--sparsechainsg00.png	8
sb69p106g01.png	12
sb28p056g00.png	8
sb05p019-bg02.png	9
sb48p002g00.png	1
sb31p050g00.png	10
sb77p016g01.png	13
sb25p189g00.png	6
sb35p111g03.png	13
sb38p093g00.png	0
sb31p028g00.png	8
sb67p009g00.png	8
sb25p105g00.png	15
sb45p064g00.png	15
sb26p015g00.png	7
sb31p056g00.png	6
sb50p010g01.png	6
sb05p067g01.png	13
sb38p055g00.png	10
sb00p147--heiro-six-colsg03.png	3
sb44p075g00.png	8
sb46p097-attitudeg00.png	6
sb55p050g00.png	12
sb45p094--winnie6g00.png	8
sb38p011g00.png	15
sb42p043g00.png	9
sb38p044g01.png	13
sb38p089--gown3g00.png	1
sb69p023g00.png	0
sb25p055g01.png	10
sb45p038--point2pointg00.png	7
sb00p070g00.png	0
sb38p006g01.png	9
sb50p045g00.png	1
sb48p086g00.png	0
sb69p042--towerg00.png	0
sb11p081g01.png	13
sb00p145--heiro-five-colsg01.png	4
sb68p116g00.png	0
sb25p079g00.png	11
sb67p036g01.png	11
sb50p073g00.png	5
sb77p089g00.png	6
sb31p047g00.png	0
sb11p093g00.png	7
sb78p043g01.png	13
sb73p042-altg03.png	13
sb48p097g01.png	8
sb44p116g00.png	12
sb42p046g00.png	12
sb55p034g02.png	15
sb69p074g00.png	15
sb68p041g00.png	5
sb68p110g00.png	8
sb32p005g00.png	8
sb35p089g01.png	2
sb69p119g00.png	6
sb72p038g01.png	10
sb77p023g01.png	15
sb11p005g00.png	5
sb69p069--wineg00.png	11
sb69p029g02.png	2
sb50p112g00.png	12
sb44p099g00.png	6
sb50p074g00.png	7
sb32p032g01.png	7
sb73p073g00.png	3
sb67p008--playa-napg00.png	5
sb45p042g00.png	8
sb32p077g01.png	10
sb67p102g01.png	9
sb11p011g00.png	2
sb48p110g00.png	1
sb42p009g00.png	9
sb77p042g02.png	2
sb26p049g00.png	10
sb38p028g01.png	13
sb67p027g00.png	6
sb68p122g02.png	9
sb48p112g00.png	12
sb42p021--cafedoggy2g02.png	15
sb67p114g00.png	12
sb28p051g00.png	6
sb50p037g00.png	5
sb68p122g01.png	9
sb45p027g00.png	15
sb77p069g00.png	12
sb25p209g00.png	6
sb00p122g01.png	3
sb67p101g00.png	0
sb46p114g00.png	10
sb72p041g02.png	11
sb73p006g00.png	14
sb25p071g00.png	12
sb42p116g00.png	10
sb46p079g01.png	12
sb38p085g00.png	6
sb38p049g02.png	8
sb32p107g00.png	5
sb50p007g02.png	8
sb35p092--antennag01.png	13
sb28p046g00.png	7
sb55p037g00.png	6
sb25p029g00.png	0
sb46p005g00.png	2
sb25p217g01.png	6
sb73p020--diagg00.png	0
sb25p120g01.png	10
sb45p051g00.png	8
sb55p077--nolipsg00.png	15
sb46p110g01.png	6
sb25p120g04.png	11
sb31p053--hands-timecheckg00.png	8
sb73p046g00.png	8
sb26p039g03.png	2
sb50p077g00.png	11
sb32p066g00.png	14
sb67p096g00.png	8
sb55p007g00.png	6
sb31p088g01.png	2
sb38p043g01.png	2
sb07p050g00.png	12
sb69p026g02.png	6
sb44p037g00.png	2
sb35p069g00.png	8
sb55p033g00.png	5
sb00p021--all-wound-upg00.png	10
sb00p011g00.png	12
sb77p077g00.png	15
sb44p008g00.png	10
sb11p087g05.png	10
sb25p143g04.png	13
sb00p117g00.png	7
sb48p047g00.png	12
sb26p063--cherchezg00.png	8
sb26p039g01.png	2
sb25p133g03.png	15
sb48p025g01.png	9
sb68p046g01.png	13
sb50p049g00.png	6
sb25p081g03.png	2
sb25p219g00.png	1
sb31p001--side-eyeg00.png	5
sb25p121g00.png	2
sb38p046g00.png	10
sb11p025g00.png	6
sb48p057g00.png	5
sb25p089g00.png	15
sb48p010g01.png	10
sb25p189g02.png	7
sb72p059g01.png	7
sb25p241g00.png	10
sb35p039g01.png	2
sb73p050g00.png	3
sb72p071g01.png	15
sb42p068g01.png	11
sb68p063g00.png	12
sb77p101g00.png	6
sb46p002g00.png	9
sb67p010--gan-dreamg00.png	8
sb69p075g00.png	12
sb45p047g01.png	12
sb35p064g00.png	5
sb42p006--diagchainsg00.png	0
sb25p061g00.png	0
sb42p064g00.png	6
sb28p065g00.png	5
sb68p010g00.png	11
sb68p092g01.png	10
sb69p011g00.png	12
sb67p111g01.png	2
sb42p016--cafedoggyg01.png	8
sb00p058g00.png	8
sb72p074g00.png	5
sb77p040g01.png	12
sb44p095g00.png	10
sb46p083g00.png	12
sb42p003g00.png	2
sb55p016g00.png	1
sb25p197g00.png	13
sb77p032g02.png	12
sb31p015g00.png	5
sb44p076g00.png	6
sb77p031g02.png	13
sb11p060g01.png	2
sb68p087g00.png	10
sb25p004g00.png	14
sb48p061g00.png	12
sb55p114g00.png	12
sb35p033g03.png	7
sb26p041g02.png	10
sb68p026g00.png	5
sb42p043g01.png	12
sb00p130--stampg00.png	2
sb77p067g00.png	8
sb46p064g00.png	1
sb48p096g00.png	9
sb05p064-colorg00.png	12
sb77p079g00.png	6
sb50p001g00.png	11
sb38p104--diagg00.png	0
sb46p117g00.png	0
sb46p034g00.png	12
sb00p060g01.png	2
sb38p057g01.png	14
sb48p043g00.png	9
sb00p124g00.png	5
sb69p106g02.png	6
sb78p005g00.png	7
sb25p124g01.png	15
sb73p067g04.png	13
sb73p005g01.png	14
sb77p027g00.png	6
sb72p073g00.png	7
sb00p145--heiro-five-colsg03.png	0
sb50p075g01.png	6
sb25p177g01.png	1
sb44p030g00.png	12
sb07p056g03.png	1
sb05p019-bg04.png	2
sb42p045--superming00.png	14
sb11p075g00.png	6
sb25p143g06.png	13
sb31p003--peach-topg00.png	8
sb42p051g00.png	4
sb28p042g00.png	6
sb31p080g00.png	8
sb11p065g00.png	6
sb69p087g00.png	6
sb48p025g02.png	2
sb38p008g00.png	10
sb50p020g00.png	14
sb07p050g01.png	13
sb46p101g01.png	13
sb48p108g00.png	10
sb45p078g00.png	5
sb00p050g00.png	2
sb48p019g00.png	14
sb42p039--squareg02.png	2
sb72p076g00.png	2
sb26p008g02.png	2
sb42p115g01.png	13
sb73p007g00.png	12
sb69p072g01.png	7
sb00p143--heiro-four-colsg03.png	14
sb73p063g01.png	3
sb68p118g00.png	5
sb26p062--bird-watchingg00.png	2
sb73p071g00.png	0
sb72p041g00.png	9
sb28p048g00.png	7
sb78p010g00.png	14
sb31p074g01.png	13
sb35p091g00.png	1
sb11p087g04.png	13
sb42p119g00.png	10
sb31p014-stampg00.png	15
sb25p047g00.png	10
sb73p049g00.png	9
sb73p053g00.png	10
sb05p072g00.png	13
sb44p004g00.png	0
sb69p036g00.png	12
sb28p035g01.png	2
sb72p056g00.png	14
sb25p241g01.png	12
sb77p045g00.png	5
sb46p043-lightg01.png	13
sb67p003g00.png	6
sb25p061g01.png	12
sb50p062g00.png	6
sb11p045g03.png	13
sb25p161g01.png	15
sb48p059g00.png	9
sb68p112g00.png	5
sb35p056--the-pointg00.png	10
sb77p006g00.png	6
sb25p099g00.png	10
sb72p055g00.png	6
sb73p045g00.png	6
sb55p090g00.png	6
sb77p076g00.png	6
sb11p007g00.png	10
sb68p013g00.png	8
sb69p015g00.png	0
sb00p149--heirog03.png	3
sb45p036g00.png	12
sb55p113g00.png	5
sb32p020g00.png	8
sb55p045g00.png	14
sb45p002g00.png	7
sb45p014g00.png	5
sb35p085g00.png	10
sb68p098g00.png	15
sb44p068g00.png	7
sb26p023g00.png	8
sb42p047g00.png	12
sb72p070g00.png	0
sb25p133g04.png	2
sb55p018g01.png	10
sb67p111g00.png	5
sb25p183g01.png	1
sb26p032g00.png	1
sb28p056g02.png	15
sb46p025g00.png	12
sb42p021--cafedoggy2g03.png	2
sb73p001g00.png	14
sb44p103g00.png	7
sb32p078g01.png	5
sb38p023g00.png	10
sb25p121g03.png	10
sb42p067g01.png	1
sb00p121g03.png	13
sb55p032--diagchains-with-circlesg00.png	0
sb46p021.ecg00.png	15
sb45p074g00.png	14
sb46p026g00.png	2
sb44p014g01.png	2
sb68p083g00.png	5
sb00p090--bated-breathg00.png	10
sb28p070g00.png	7
sb42p103g00.png	6
sb25p195g00.png	14
sb73p012g00.png	15
sb05p069g01.png	9
sb28p055g00.png	7
sb35p119g00.png	10
sb26p036g00.png	7
sb42p044g00.png	10
sb45p089--winnie1g00.png	5
sb35p066g00.png	8
sb32p031g00.png	2
sb73p056g00.png	2
sb00p060g02.png	13
sb26p057g02.png	2
sb50p071g00.png	1
sb50p023g01.png	2
sb26p039g00.png	8
sb67p037--belin-speakers-2g02.png	12
sb25p103g02.png	10
sb25p120g03.png	10
sb68p019g00.png	5
sb45p030g01.png	12
sb25p085g01.png	14
sb26p003g01.png	7
sb69p095g02.png	15
sb67p021g00.png	11
sb31p029g00.png	5
sb78p025g01.png	14
sb46p110g00.png	12
sb44p048g00.png	2
sb42p117g00.png	12
sb00p088--attentiong00.png	14
sb05p019g05.png	13
sb73p050g04.png	9
sb38p042g01.png	9
sb50p022g00.png	9
sb55p015g00.png	12
sb26p043g00.png	7
sb67p008--playa-napg01.png	13
sb72p002g01.png	6
sb46p095g02.png	1
sb48p051g01.png	8
sb44p093g00.png	5
sb42p104g00.png	12
sb73p017g00.png	9
sb48p040g00.png	1
sb68p054g01.png	7
sb05p088g00.png	2
sb25p143g05.png	13
sb69p019g00.png	7
sb00p151--heiro-seven-colsg01.png	3
sb77p003g00.png	5
sb11p057g01.png	2
sb26p047g00.png	0
sb50p114g00.png	14
sb11p066g01.png	9
sb72p068g01.png	7
sb44p083--sneerg00.png	1
sb07p052g01.png	3
sb48p087g00.png	6
sb25p205g01.png	15
sb44p070g00.png	2
sb28p020g00.png	0
sb72p046g00.png	12
sb55p036g01.png	15
sb35p081g00.png	10
sb68p024g00.png	0
sb32p043g03.png	7
sb05p088g01.png	13
sb32p079g01.png	12
sb11p062g00.png	8
sb05p019g02.png	13
sb45p119--tooming01.png	13
sb25p161g00.png	2
sb05p052-colorg00.png	8
sb44p072g00.png	6
sb11p056g00.png	5
sb31p012g00.png	7
sb67p085g00.png	12
sb77p005g02.png	2
sb28p035g00.png	6
sb42p042g00.png	11
sb46p007.ecg00.png	8
sb73p049g02.png	9
sb50p021g00.png	6
sb48p067g00.png	15
sb05p020g07.png	13
sb07p056g06.png	3
sb48p045g00.png	6
sb68p066g00.png	12
sb73p065--business-liong00.png	7
sb25p099g02.png	1
sb50p010g00.png	2
sb69p028g01.png	12
sb68p028g00.png	12
sb67p106g00.png	6
sb67p044g00.png	12
sb68p103g00.png	14
sb31p059g00.png	6
sb44p050g00.png	12
sb32p015g01.png	0
sb48p090g00.png	12
sb00p036g01.png	2
sb31p008--karma-yogag00.png	8
sb25p033g00.png	5
sb50p011g00.png	8
sb35p095--selfpointg00.png	10
sb25p027g02.png	2
sb78p078g04.png	13
sb11p008g00.png	15
sb67p028g01.png	5
sb42p080g01.png	5
sb28p087g01.png	6
sb45p051g01.png	8
sb72p010--wineg00.png	2
sb68p116g01.png	14
sb38p086g00.png	1
sb77p041g01.png	5
sb55p057g00.png	6
sb68p114g00.png	8
sb00p094g00.png	12
sb78p029g06.png	9
sb25p189g01.png	2
sb11p018g00.png	8
sb32p029g01.png	13
sb78p059g00.png	15
sb48p071g01.png	9
sb28p068g02.png	2
sb55p051--winnie-and-dogg01.png	8
sb55p035g00.png	15
sb45p058g00.png	0
sb68p048g00.png	2
sb69p026g00.png	0
sb78p031g02.png	9
sb48p053g00.png	12
sb69p009g01.png	12
sb35p111g02.png	10
sb25p125g04.png	10
sb78p029g08.png	2
sb25p154g00.png	1
sb42p077g00.png	11
sb69p056g01.png	6
sb68p085g00.png	7
sb77p041g02.png	13
sb11p064g01.png	2
sb25p043g01.png	9
sb11p011g01.png	2
sb67p113g00.png	12
sb68p113g00.png	5
sb35p028g00.png	14
sb48p028g00.png	7
sb31p095--dayummg02.png	13
sb38p057g00.png	8
sb26p045g01.png	10
sb46p084g00.png	14
sb28p016--2021-04-25g00.png	15
sb48p109g00.png	12
sb05p064g01.png	9
sb67p070g00.png	5
sb25p125g03.png	10
sb11p074g00.png	5
sb69p068g01.png	15
sb77p017g01.png	4
sb11p052g03.png	9
sb38p075g01.png	7
sb11p047g02.png	2
sb67p037--belin-speakers-2g00.png	15
sb38p054g01.png	2
sb11p101g00.png	5
sb42p023g00.png	6
sb67p066g00.png	5
sb45p005g03.png	2
sb32p043g00.png	15
sb25p177g00.png	6
sb55p034g00.png	15
sb55p013--animal-party-2g00.png	8
sb45p045g00.png	8
sb68p080g00.png	0
sb77p043g01.png	15
sb11p059g01.png	13
sb26p048g00.png	10
sb44p052g00.png	1
sb00p034g00.png	8
sb11p023g00.png	15
sb46p109g02.png	13
sb46p105g00.png	6
sb78p047g00.png	5
sb38p003g04.png	5
sb77p008g01.png	10
sb50p023g00.png	11
sb38p056g01.png	15
sb48p088g02.png	2
sb48p044g02.png	13
sb11p069g00.png	10
sb45p050--diagg00.png	0
sb46p095g00.png	15
sb35p021g00.png	8
sb78p004g00.png	15
sb72p014g01.png	11
sb11p077g00.png	5
sb32p067g01.png	4
sb42p109g00.png	11
sb45p087g00.png	9
sb25p209g02.png	10
sb05p023g01.png	4
sb28p054g00.png	15
sb28p093g00.png	9
sb77p089g01.png	13
sb77p021g01.png	6
sb67p060g00.png	6
sb26p065--disputeg01.png	12
sb45p043g00.png	6
sb32p102g00.png	15
sb48p014g00.png	12
sb45p070g00.png	8
sb25p109g04.png	2
sb78p061g00.png	8
sb25p039g01.png	1
sb77p072g00.png	2
sb05p019-bg00.png	9
sb50p113g00.png	5
sb44p058g00.png	6
sb72p002g00.png	4
sb72p065g01.png	14
sb38p088g00.png	6
sb72p073g01.png	4
sb69p015g02.png	5
sb25p171g00.png	7
sb48p046g01.png	7
sb35p096--radhaus-fridayg00.png	14
sb78p030g06.png	13
sb69p077g01.png	5
sb32p120g00.png	10
sb55p036g02.png	5
sb73p072g00.png	9
sb35p090g00.png	5
sb11p089g02.png	2
sb73p058--diagg00.png	0
sb69p119g03.png	6
sb32p078g00.png	10
sb31p051g00.png	15
sb32p106g00.png	8
sb05p020g06.png	13
sb42p017g01.png	6
sb48p104g00.png	5
sb45p060g00.png	12
sb77p005g00.png	6
sb44p115g00.png	10
sb38p080--donkeys3g00.png	6
sb00p027g03.png	1
sb44p070g02.png	3
sb31p007--jelly-commanderg00.png	8
sb46p104g00.png	6
sb35p017g00.png	15
sb69p032g00.png	6
sb50p053g00.png	2
sb50p087g02.png	13
sb25p153g00.png	1
sb32p112g00.png	10
sb42p005g01.png	6
sb11p030g00.png	10
sb55p029g00.png	15
sb46p101g00.png	7
sb73p048g01.png	9
sb48p066g01.png	9
sb11p046g01.png	1
sb72p013g00.png	13
sb25p141g02.png	11
sb26p050g01.png	1
sb28p071g01.png	5
sb45p033g00.png	8
sb69p034g00.png	12
sb67p035--speakintothemicg00.png	8
sb38p048g00.png	10
sb77p017g03.png	2
sb00p068--mi6-momg01.png	9
sb28p088g02.png	13
sb67p094g00.png	6
sb00p108g00.png	6
sb00p080g01.png	12
sb28p116g00.png	5
sb25p143g07.png	13
sb77p078g00.png	10
sb38p051g00.png	10
sb28p064g00.png	6
sb77p091g00.png	9
sb28p030g00.png	11
sb77p057g00.png	8
sb72p043g00.png	12
sb77p093g00.png	9
sb28p019g02.png	9
sb35p100g00.png	2
sb46p116g02.png	9
sb69p069--wineg01.png	3
sb67p038g01.png	11
sb69p118g00.png	6
sb28p073g01.png	8
sb55p075g01.png	10
sb32p006g00.png	2
sb48p051g00.png	12
sb11p078g01.png	10
sb55p035g01.png	15
sb69p070--coffeeg01.png	5
sb45p039g01.png	1
sb55p011--diagchainsg00.png	0
sb25p109g01.png	13
sb44p104g00.png	5
sb46p033g00.png	2
sb26p065--disputeg00.png	5
sb45p065g00.png	8
sb11p035g00.png	15
sb72p019g00.png	6
sb35p059g00.png	15
sb55p107g00.png	8
sb68p120-colorg00.png	15
sb05p051-colorg01.png	8
sb67p032--linechainsg00.png	3
sb69p023g03.png	13
sb38p075g02.png	7
sb05p019g01.png	13
sb68p075g00.png	6
sb77p054g00.png	7
sb26p059g00.png	6
sb69p096g00.png	15
sb31p053--hands-timecheckg01.png	2
sb77p033g00.png	5
sb68p056g00.png	5
sb32p113g00.png	7
sb42p051g01.png	4
sb44p087g01.png	10
sb48p097g00.png	8
sb48p010g00.png	6
sb67p030g00.png	5
sb73p017g01.png	2
sb45p121g00.png	12
sb26p049g01.png	10
sb38p033g00.png	10
sb26p022g00.png	8
sb73p044g00.png	3
sb42p112g00.png	5
sb11p084g00.png	2
sb25p154g01.png	2
sb00p044g01.png	2
sb50p006g00.png	6
sb25p174g01.png	9
sb44p088g00.png	2
sb45p062g00.png	0
sb77p031g01.png	5
sb38p050g00.png	5
sb46p119g00.png	2
sb55p061g00.png	10
sb28p091g01.png	6
sb31p044g00.png	6
sb45p032g00.png	7
sb77p039g00.png	15
sb25p103g03.png	12
sb28p104g01.png	13
sb67p092g01.png	2
sb55p052g01.png	6
sb77p014g00.png	15
sb11p037g01.png	4
sb45p080g00.png	5
sb35p065--eyes-and-nosesg03.png	1
sb05p020g04.png	9
sb44p060g00.png	6
sb72p065g00.png	12
sb68p061g00.png	11
sb07p051g02.png	3
sb72p075g00.png	7
sb50p076g00.png	5
sb44p089g00.png	5
sb35p116--negative-hugg01.png	10
sb25p081g01.png	2
sb11p092g00.png	12
sb69p056g00.png	6
sb25p041g02.png	9
sb68p043--lady-rougeg00.png	5
sb68p119g00.png	15
sb55p079g00.png	12
sb48p020g00.png	5
sb25p221g00.png	0
sb45p106g01.png	2
sb77p016g04.png	13
sb07p055g00.png	0
sb11p007g02.png	15
sb25p125g02.png	2
sb32p104g00.png	12
sb48p108g01.png	13
sb48p036g01.png	12
sb44p054g00.png	14
sb46p033g01.png	2
sb00p062--covid-bleachg00.png	14
sb38p062--microcosmg00.png	12
sb72p011--diagchainsg00.png	0
sb45p022g00.png	2
sb72p004--coffeeg01.png	4
sb45p098g00.png	1
sb45p117g01.png	13
sb69p100g00.png	5
sb26p063--cherchezg01.png	9
sb45p092--winnie4g01.png	2
sb44p047g00.png	15
sb28p086g01.png	6
sb45p006g02.png	13
sb32p065g00.png	4
sb68p073g01.png	7
sb26p042g00.png	12
sb38p003g02.png	9
sb11p039g00.png	5
sb42p080g00.png	10
sb00p027g07.png	13
sb45p083g00.png	5
sb25p239g00.png	4
sb38p107g00.png	8
sb35p033g00.png	10
sb32p004g00.png	8
sb55p043g00.png	6
sb44p077--full-diagg00.png	0
sb77p044g00.png	14
sb25p075g00.png	12
sb11p052g06.png	13
sb28p086g02.png	14
sb45p101g00.png	10
sb48p101g00.png	7
sb28p107g00.png	8
sb50p091g00.png	10
sb00p132g01.png	2
sb26p029--did-i-showerg00.png	6
sb45p052g01.png	7
sb44p076g01.png	14
sb31p046g00.png	6
sb11p050g00.png	10
sb55p011--diagchainsg01.png	13
sb35p057g00.png	15
sb07p057g01.png	3
sb00p040--look-eyesg03.png	2
sb44p079g01.png	2
sb48p114g00.png	6
sb35p118g00.png	5
sb48p081g00.png	14
sb68p024g01.png	7
sb68p020g00.png	6
sb42p063g00.png	6
sb31p050g01.png	5
sb67p080g00.png	5
sb35p065--eyes-and-nosesg01.png	9
sb68p068g00.png	15
sb32p093g00.png	1
sb45p073--min3g00.png	2
sb50p080g00.png	12
sb48p075g00.png	12
sb46p083g01.png	7
sb73p050g01.png	9
sb32p103g00.png	10
sb68p061g01.png	12
sb28p083g00.png	14
sb25p135g01.png	7
sb69p055g01.png	2
sb55p053g00.png	5
sb55p006g00.png	8
sb77p031g00.png	12
sb25p127g00.png	10
sb26p057g01.png	1
sb77p028g00.png	14
sb46p031g00.png	6
sb45p069g00.png	12
sb55p030g00.png	7
sb25p001g00.png	8
sb31p094g00.png	8
sb48p024g00.png	6
sb25p121g05.png	2
sb67p091g00.png	0
sb72p053g01.png	4
sb48p065g00.png	10
sb28p089g00.png	6
sb00p044g00.png	12
sb69p022g05.png	1
sb25p035g01.png	2
sb50p080g02.png	9
sb32p105g00.png	14
sb26p040g00.png	8
sb07p054g00.png	3
sb26p058g01.png	10
sb35p025g00.png	7
sb73p064--croissantg03.png	13
sb42p057g00.png	7
sb46p080g01.png	13
sb45p076g00.png	5
sb78p030g00.png	10
sb25p011g00.png	0
sb46p043-lightg00.png	2
sb67p013g00.png	7
sb00p052g00.png	15
sb73p021--diagg00.png	0
sb00p007g00.png	8
sb46p079g00.png	7
sb67p095g00.png	0
sb25p155g00.png	8
sb55p059g00.png	11
sb35p078g00.png	15
sb32p094g00.png	10
sb25p137g01.png	7
sb68p062g00.png	5
sb50p059g01.png	13
sb11p034g00.png	15
sb69p055g02.png	5
sb77p028g03.png	15
sb73p055g01.png	13
sb42p069g00.png	6
sb31p015-stampg00.png	5
sb55p052g00.png	2
sb26p040g02.png	5
sb48p017g02.png	13
sb48p026g00.png	1
sb25p163g02.png	15
sb55p062g00.png	7
sb42p041--de-platformedg03.png	1
sb45p110g00.png	10
sb77p015g00.png	2
sb42p034g00.png	6
sb55p040--tiny-charactersg05.png	2
sb26p038g00.png	8
sb38p100g00.png	10
sb42p001g00.png	5
sb44p016g00.png	10
sb78p008g00.png	14
sb50p117g00.png	15
sb67p064g00.png	8
sb00p042--look-squaresg00.png	14
sb05p020g00.png	9
sb42p028g00.png	10
sb67p001g00.png	15
sb42p031g00.png	12
sb42p073g01.png	4
sb45p023g00.png	4
sb50p031g00.png	6
sb44p010g00.png	10
sb31p050g02.png	11
sb55p034g03.png	15
sb28p112g01.png	13
sb38p078--donkeys1g00.png	6
sb25p251g01.png	6
sb25p081g04.png	13
sb25p053g00.png	1
sb05p019-bg05.png	13
sb32p044g00.png	6
sb45p008g00.png	7
sb05p063g00.png	13
sb00p046g01.png	12
sb35p113g00.png	15
sb05p071g02.png	10
sb11p080g01.png	9
sb67p072g00.png	8
sb28p084g00.png	1
sb77p053g05.png	10
sb26p046g00.png	12
sb38p064g00.png	12
sb68p046g00.png	6
sb25p143g01.png	15
sb50p015g00.png	1
sb44p094g00.png	5
sb35p042g00.png	14
sb78p030g04.png	9
sb48p005g01.png	13
sb38p005g00.png	14
sb25p027g00.png	1
sb00p054--upward-squiggleg00.png	11
sb48p094g00.png	2
sb42p099g00.png	10
sb55p021g01.png	9
sb48p102g01.png	9
sb07p056g01.png	10
sb77p016g02.png	13
sb35p033g02.png	3
sb25p179-whats-in-a-sketchbookg02.png	1
sb69p041g00.png	15
sb38p028g00.png	9
sb44p071g00.png	15
sb38p119g00.png	15
sb32p115g01.png	13
sb72p060g00.png	14
sb11p070g01.png	9
sb73p008g00.png	14
sb46p109g01.png	12
sb28p091g00.png	5
sb00p027g05.png	2
sb69p078g00.png	2
sb50p095--connect-fourg00.png	0
sb55p062g01.png	6
sb32p101g00.png	15
sb11p089g03.png	2
sb69p035g00.png	8
sb73p054g00.png	10
sb44p061g00.png	14
sb69p084g00.png	5
sb31p093g01.png	13
sb78p022g00.png	6
sb25p154g02.png	2
sb48p027g00.png	5
sb42p026--manifestingg00.png	15
sb00p078g00.png	12
sb48p018g00.png	5
sb25p041g03.png	2
sb48p072g00.png	1
sb25p143g00.png	0
sb55p089g00.png	7
sb67p039g01.png	6
sb69p083g00.png	12
sb42p075g00.png	6
sb31p099g00.png	12
sb77p015g01.png	2
sb11p060g00.png	2
sb68p096g00.png	8
sb28p069g00.png	15
sb68p095g00.png	5
sb67p019g00.png	5
sb44p005g01.png	7
sb55p058g00.png	7
sb69p044g00.png	5
sb00p060g03.png	2
sb32p115g00.png	7
sb25p177g02.png	1
sb73p061g01.png	9
sb25p169g00.png	7
sb77p052g00.png	13
sb25p075g01.png	6
sb46p096-angularg00.png	7
sb69p102g00.png	8
sb46p056g00.png	7
sb11p032g01.png	12
sb32p018g00.png	6
sb67p119g00.png	1
sb35p082g00.png	5
sb72p003--wineg00.png	0
sb00p076g00.png	0
sb68p120g00.png	12
sb73p056g05.png	13
sb45p113g00.png	10
sb45p105g00.png	8
sb38p025g01.png	15
sb25p123g00.png	7
sb31p067-lightg01.png	14
sb48p010g03.png	13
sb68p097g00.png	5
sb44p106g00.png	15
sb48p058g00.png	7
sb67p093g01.png	0
sb25p226g01.png	15
sb32p081g00.png	0
sb68p005g00.png	8
sb38p026g01.png	9
sb25p171g01.png	10
sb73p042-altg01.png	13
sb07p056g07.png	13
sb28p090g01.png	14
sb32p077g05.png	13
sb31p046g01.png	2
sb00p029g00.png	15
sb00p050g01.png	3
sb26p061--negative-spaceg00.png	12
sb73p073g01.png	3
sb68p089g00.png	15
sb25p121g01.png	15
sb25p103g00.png	2
sb77p040g00.png	6
sb11p082g01.png	14
sb69p030g00.png	5
sb50p017g00.png	6
sb77p053g03.png	3
sb42p070g00.png	6
sb55p038g00.png	14
sb50p042g00.png	5
sb44p090g00.png	5
sb73p056g03.png	2
sb68p073g00.png	5
sb46p080g00.png	14
sb78p001g00.png	6
sb00p100g00.png	6
sb50p065g00.png	10
sb42p072g00.png	1
sb55p082g01.png	13
sb69p053g00.png	5
sb67p035--speakintothemicg01.png	15
sb45p025g00.png	7
sb31p058--body-sizesg00.png	15
sb38p040g00.png	14
sb48p085g00.png	10
sb69p031g00.png	6
sb05p064g02.png	13
sb55p035g02.png	2
sb77p087g01.png	7
sb45p035g00.png	7
sb44p045g00.png	12
sb68p028g01.png	6
sb38p020g00.png	9
sb50p033g00.png	8
sb68p064g00.png	6
sb68p007g00.png	14
sb73p048g04.png	3
sb05p019g04.png	9
sb48p017g01.png	2
sb00p082g00.png	9
sb55p031g01.png	6
sb42p067g00.png	14
sb69p082g00.png	5
sb35p063g01.png	8
sb05p064g00.png	10
sb48p084g00.png	15
sb45p067--min2g00.png	5
sb69p058g00.png	5
sb42p118g00.png	12
sb46p112g00.png	12
sb69p094--diagchainsg00.png	0
sb45p055g00.png	6
sb50p054g00.png	15
sb42p036g00.png	7
sb38p081g00.png	0
sb67p006--kitchen-napg00.png	2
sb32p077g03.png	2
sb69p037g00.png	5
sb48p043g01.png	9
sb78p003g00.png	2
sb25p215g00.png	11
sb69p052g01.png	5
sb45p037g00.png	7
sb32p029g00.png	8
sb46p100g00.png	13
sb32p043g01.png	14
sb67p103g00.png	6
sb55p018g00.png	1
sb69p021g01.png	15
sb78p003g01.png	2
sb77p004g00.png	8
sb42p107g00.png	1
sb73p048g05.png	9
sb72p019g03.png	13
sb25p027g01.png	8
sb72p015g00.png	8
sb77p017g00.png	10
sb44p087g00.png	2
sb28p072g00.png	6
sb05p108g01.png	14
sb11p014g00.png	5
sb38p105--minfigg01.png	10
sb25p217g00.png	6
sb67p090--towerg00.png	14
sb45p112g00.png	15
sb68p107g00.png	5
sb73p042g01.png	13
sb25p243g01.png	15
sb73p003g00.png	0
sb55p088g00.png	7
sb25p197g01.png	9
sb77p042g01.png	15
sb69p107--coffeeg00.png	2
sb68p008g00.png	6
sb55p086--bung00.png	14
sb72p065g03.png	12
sb42p013g00.png	15
sb25p043g00.png	10
sb77p009g02.png	15
sb78p063g00.png	0
sb00p092g00.png	8
sb69p033g01.png	6
sb32p028g01.png	6
sb42p053g00.png	8
sb45p011g00.png	14
sb07p091g00.png	8
sb11p047g03.png	9
sb31p013g00.png	6
sb25p109g00.png	15
sb38p058g01.png	7
sb00p044g02.png	13
sb38p058g00.png	6
sb48p088g00.png	14
sb05p051g02.png	13
sb25p013g00.png	0
sb69p085--towerg00.png	0
sb42p073g00.png	14
sb45p118g00.png	9
sb35p077--posturingg00.png	7
sb45p016g00.png	12
sb67p039g00.png	15
sb26p059g01.png	12
sb42p049g01.png	12
sb32p017g01.png	6
sb55p005g00.png	5
sb45p079g00.png	5
sb35p117--robo-springg00.png	0
sb31p005--dino-defenderg00.png	8
sb05p021g00.png	9
sb38p003g01.png	2
sb25p055g02.png	1
sb46p078g00.png	14
sb69p088--diagchainsg00.png	0
sb38p067--winceg00.png	9
sb26p057g03.png	13
sb55p002g00.png	3
sb42p035g00.png	6
sb45p060g01.png	12
sb26p005g00.png	5
sb25p035g02.png	2
sb28p059g00.png	7
sb25p105g02.png	13
sb28p102g00.png	5
sb73p019g00.png	11
sb50p048g00.png	2
sb31p042g00.png	11
sb77p022g01.png	5
sb69p115g00.png	14
sb44p036g01.png	13
sb31p049g02.png	6
sb50p003g00.png	6
sb45p034g00.png	5
sb38p105--minfigg00.png	10
sb11p087g01.png	2
sb45p030g00.png	7
sb72p052g00.png	6
sb45p043g01.png	15
sb48p060g00.png	12
sb69p095g03.png	15
sb32p119g00.png	10
sb77p022g00.png	11
sb44p096g00.png	10
sb68p070g01.png	7
sb00p151--heiro-seven-colsg00.png	3
sb50p013g00.png	12
sb35p022g00.png	8
sb55p046--couchg00.png	8
sb67p007--greenpoint-napg01.png	13
sb67p036g00.png	6
sb72p013g01.png	13
sb42p050g01.png	6
sb28p056g01.png	8
sb46p013g00.png	5
sb07p054g01.png	13
sb46p022g00.png	12
sb11p090g01.png	9
sb32p036g00.png	6
sb55p024g00.png	1
sb35p063g00.png	5
sb67p016g00.png	2
sb28p074g01.png	12
sb72p058g00.png	5
sb67p086g00.png	2
sb73p050g03.png	1
sb46p023g00.png	5
sb25p205g02.png	10
sb73p042-altg00.png	0
sb42p094g00.png	10
sb32p114g00.png	5
sb50p024g00.png	7
sb48p105g01.png	2
sb67p029g00.png	11
sb45p096--winnie8g00.png	5
sb31p095--dayummg01.png	2
sb38p116g00.png	2
sb45p120g00.png	5
sb38p035g00.png	8
sb38p095g00.png	8
sb73p064g02.png	2
sb28p073g00.png	8
sb45p056g00.png	9
sb11p028g00.png	12
sb28p095g00.png	10
sb46p029g00.png	15
sb68p011g00.png	14
sb45p025g01.png	7
sb77p052g02.png	7
sb25p133g01.png	8
sb78p006g00.png	5
sb00p080g00.png	12
sb55p048--minimalface-and-skatecatg01.png	13
sb67p029g01.png	13
sb55p115g00.png	6
sb31p005--dino-defenderg01.png	9
sb00p132g00.png	13
sb73p037g00.png	14
sb28p052g00.png	6
sb07p051g00.png	13
sb31p090g00.png	7
sb44p082g00.png	12
sb44p007g00.png	15
sb38p062--microcosmg01.png	12
sb25p172g01.png	1
sb11p085g00.png	10
sb69p016g00.png	12
sb45p102g00.png	12
sb11p004g00.png	5
sb35p063g02.png	2
sb78p011g00.png	14
sb69p100g02.png	6
sb78p074--dogsg02.png	2
sb38p112g00.png	15
sb77p007g00.png	6
sb69p068g00.png	0
sb42p096g00.png	7
sb68p072g00.png	14
sb73p064--croissantg01.png	15
sb73p029g00.png	12
sb68p086g00.png	6
sb55p092--detachg00.png	15
sb32p095g00.png	2
sb11p029g01.png	13
sb25p139g00.png	15
sb31p057g00.png	8
sb25p087g02.png	10
sb46p057g00.png	8
sb78p031g01.png	8
sb44p091g01.png	4
sb50p047g00.png	1
sb48p011g00.png	5
sb67p077g00.png	14
sb35p117--robo-springg01.png	10
sb55p026g00.png	14
sb32p019g01.png	7
sb38p070--slash2g00.png	8
sb32p071g00.png	8
sb28p053g00.png	8
sb45p053g00.png	0
sb32p048g01.png	7
sb67p093g00.png	15
sb38p052g01.png	6
sb42p108g00.png	5
sb25p139g01.png	15
sb69p017g00.png	7
sb46p103g00.png	1
sb31p013g01.png	6
sb72p077g00.png	15
sb05p019g03.png	13
sb25p095g00.png	15
sb73p056g04.png	3
sb46p055-lightg02.png	9
sb00p147--heiro-six-colsg00.png	3
sb25p221g01.png	7
sb32p064g00.png	7
sb73p009g00.png	12
sb45p103g00.png	12
sb73p030g01.png	9
sb68p036g00.png	15
sb38p016g00.png	15
sb44p009g00.png	1
sb35p097--pair-phoneg00.png	8
sb38p052g00.png	6
sb69p034g01.png	10
sb32p037g00.png	8
sb42p111g00.png	12
sb32p067g00.png	6
sb32p038g01.png	3
sb11p031g00.png	1
sb26p008g00.png	15
sb35p054g00.png	6
sb35p080g00.png	15
sb69p023g01.png	5
sb45p006g01.png	9
sb46p040g00.png	5
sb38p066--artdecog00.png	8
sb11p047g04.png	2
sb42p020g00.png	7
sb25p183g00.png	0
sb11p021g00.png	7
sb26p025g01.png	12
sb73p005g00.png	11
sb45p115g00.png	2
sb77p071g01.png	2
sb55p050g01.png	1
sb42p047g02.png	1
sb38p002g00.png	7
sb07p051g01.png	1
sb28p070g02.png	9
sb55p094--furrowedg00.png	12
sb69p022g01.png	5
sb35p040g00.png	15
sb25p163g00.png	1
sb46p032g00.png	7
sb32p013g00.png	10
sb26p002g00.png	10
sb11p071g00.png	10
sb28p100g00.png	5
sb73p042g03.png	13
sb77p029g01.png	2
sb38p001g00.png	9
sb46p062g00.png	1
sb44p029g00.png	1
sb44p070g01.png	1
sb38p103g00.png	10
sb73p012g01.png	14
sb72p047g00.png	14
sb31p001--side-eyeg01.png	3
sb25p043g02.png	6
sb46p116g01.png	1
sb78p026--dogg00.png	8
sb00p134g00.png	8
sb55p040--tiny-charactersg02.png	15
sb46p115g00.png	5
sb42p118g01.png	3
sb77p011g02.png	13
sb26p031g00.png	15
sb25p002g00.png	10
sb50p046g00.png	7
sb69p009g02.png	7
sb68p099g00.png	1
sb28p099g00.png	12
sb72p056g01.png	6
sb45p029g01.png	1
sb69p112g01.png	5
sb68p055g00.png	14
sb32p066g01.png	2
sb77p081g00.png	0
sb26p032g02.png	10
sb44p066g00.png	1
sb45p116g01.png	13
sb67p115g00.png	6
sb77p051g01.png	15
sb50p063g00.png	6
sb44p035g00.png	15
sb44p113g00.png	5
sb77p013g00.png	12
sb55p049g00.png	12
sb05p051-colorg00.png	9
sb77p032g01.png	9
sb11p082g00.png	10
sb38p055g01.png	4
sb55p097--faceoffg01.png	6
sb55p040--tiny-charactersg03.png	15
sb38p022g00.png	10
sb50p059g00.png	15
sb72p045g01.png	11
sb31p095--dayummg00.png	8
sb35p093g00.png	7
sb38p037g00.png	10
sb77p003g01.png	11
sb48p029g00.png	9
sb35p071g00.png	8
sb42p104g01.png	13
sb78p055g00.png	0
sb77p080g00.png	0
sb55p040--tiny-charactersg00.png	9
sb11p047g01.png	2
sb45p001g00.png	7
sb73p067g01.png	3
sb11p093g01.png	13
sb46p030g00.png	8
sb78p053g00.png	8
sb00p066g00.png	8
sb44p014g00.png	1
sb00p119g00.png	5
sb69p023g02.png	12
sb50p075g02.png	12
sb00p143--heiro-four-colsg01.png	4
sb38p003g03.png	2
sb45p017g00.png	12
sb69p023g04.png	9
sb28p020g01.png	7
sb46p019g00.png	7
sb11p080g00.png	8
sb50p078g00.png	10
sb44p108g00.png	6
sb28p117g00.png	5
sb25p003g00.png	1
sb25p011g01.png	13
sb67p079g00.png	5
sb68p060g00.png	6
sb45p052g02.png	10
sb25p185g02.png	2
sb46p006.ecg00.png	2
sb55p096g00.png	5
sb73p068g00.png	3
sb73p069g00.png	0
sb69p021g00.png	7
sb38p014g00.png	8
sb48p070g00.png	12
sb78p076g01.png	13
sb45p071g02.png	2
sb44p067g00.png	12
sb32p097g00.png	9
sb50p111g00.png	2
sb11p089g01.png	13
sb45p015g00.png	14
sb38p059g00.png	7
sb68p093g00.png	10
sb11p064g00.png	8
sb26p003g00.png	6
sb46p039g00.png	9
sb55p060g00.png	14
sb72p054g00.png	6
sb42p005g00.png	6
sb67p011g00.png	6
sb44p085--littlehatg00.png	14
sb00p031g00.png	5
sb00p044g03.png	2
sb38p020g01.png	13
sb25p027g04.png	13
sb35p065--eyes-and-nosesg05.png	2
sb25p055g00.png	1
sb68p048g02.png	8
sb44p043g00.png	5
sb48p065g01.png	1
sb55p098g00.png	12
sb48p037g01.png	13
sb00p096g00.png	8
sb72p059g00.png	6
sb25p125g00.png	11
sb31p014g00.png	15
sb48p019g01.png	7
sb44p101g01.png	10
sb31p029g01.png	13
sb07p055g01.png	13
sb77p053g02.png	9
sb48p106g00.png	2
sb32p027g01.png	6
sb73p072g04.png	13
sb73p042g02.png	13
sb44p020g00.png	10
sb50p005g01.png	12
sb25p005g00.png	10
sb46p041--fuzzyg00.png	5
sb38p004g00.png	8
sb48p003g00.png	2
sb28p105g00.png	5
sb11p091g00.png	10
sb32p109g00.png	5
sb50p002g00.png	5
sb00p113g00.png	2
sb11p033g00.png	8
sb11p012g00.png	15
sb42p039--squareg00.png	3
sb50p026g00.png	5
sb32p027g00.png	14
sb69p081g00.png	12
